first_name,email,gender,password
Sonnnie,scuddehay0@wikispaces.com,Female,gJ4?ZqfK@_2*
Dyna,dkennedy1@plala.or.jp,Genderfluid,hB0/Sl_E
Joe,jroiz2@fastcompany.com,Male,eI5<02?r&Y
Kinny,kblessed3@globo.com,Male,qA3+H0y_x')
Travus,tcreber4@dailymotion.com,Male,qR0\SodIzO
Farlee,fcowper5@harvard.edu,Male,oB3{!S&RQ'3UID`
Saxon,scisco6@aol.com,Male,tL3$BG=Xmz`H
Alejandrina,astairmand7@vkontakte.ru,Female,qF8$7E}zXa)9
Laney,ljarnell8@utexas.edu,Male,"hI0,?PQpGUL$>'"
Albina,adebruyn9@bloglovin.com,Female,mF6)fI#)`4
Franciskus,fboissiera@berkeley.edu,Male,iE8{0M}Z?IfT\TY
Kendall,kedmondsonb@elpais.com,Male,pC4+}L>hm{iiP5Y
Ephraim,ealbonc@theatlantic.com,Male,hF2_ot*0
Kirstyn,kkilcoyned@state.com,Female,"yH0,o5w_g2K"
Cristen,ccordelle@live.com,Female,wI1+U)_IM1Z<
Lauryn,lminerof@mapy.com,Female,gT0_8+QL'A\d
Ham,hculrossg@accuweather.com,Male,pA9\F._rR|okYUM
Kandace,kmaroh@wsj.com,Female,qG5`<u#UM6nUu
Leeland,ldonni@hao123.com,Male,hQ3.Y77b.$
Malvin,mkiftj@youku.com,Male,"aV4,@B8Nkk"
Brendis,bsoeirok@squarespace.com,Male,"qQ6""<MXk$k(U"
Yuma,ydunkerlyl@homestead.com,Male,xJ3=4Vu3f+A3Amh
Carrie,cdesimonim@linkedin.com,Genderqueer,mJ4{&ESO\HtMJ96
Aline,arizzinin@nydailynews.com,Female,nO0>.iaJ=
Alex,awayeo@posterous.com,Male,dJ0`A(N/
Baudoin,bkindep@is.gd,Genderqueer,cL9{H~CRM=M
Valene,vfrohockq@google.com,Female,mB0@_uVw>.mo(C
Sondra,srasmusr@youtube.com,Female,kI9)PlSD@Iq
Sybilla,smarrows@elegantthemes.com,Female,sB3\_LFJs
Kerry,ksharrockt@google.com,Male,dV9?>hGO!u1
Patin,psimeoliu@pbs..com,Male,qK8)q9a6N&hoD
Claudian,cbonicelliv@dion..com,Male,"sA6,,DP\#"
Lorenzo,lclaigew@domainmarket.com,Male,nK9~mmks%iM#D'0
Baryram,blegisterx@columbia.edu,Male,mG4=%3GipaQFgv?
Link,ltudbaldy@imageshack.us,Male,yL4+k|nF
Lovell,lbottlestonez@vkontakte.ru,Male,eZ9<RecY87|T6
Baillie,bpawels10@discuz.net,Male,rN6=Q*`S
Davide,dstockoe11@desdev.cn,Male,jO1+h$&N
Harmon,hhatton12@nymag.com,Male,aA3{ad1T}*BAl
Jacynth,jschindler13@ftc.gov,Female,wB9%M{w$D5Hp5&9O
Otes,odrinkhall14@sakura.com,Male,"dP3,oU.DR"
Thedric,tcreavin15@homestead.com,Male,"xL9""NEmnsg1*"
Roderigo,rcharker16@tamu.edu,Male,"aE9,*zFO_E6"
Harlene,hcorps17@msu.edu,Female,wQ2.(zaEf$0h
Raimondo,rcattini18@artisteer.com,Male,vB1#\b\bS?
Daven,dtrippett19@cargocollective.com,Male,vY4|dv68W>wt{ob
Kerk,kchurcher1a@ucoz.com,Male,"lP6"")p8m@g&7)}xt"
Augustin,adequesne1b@blogger.com,Male,"fH9/r~p,"
Stephanus,spostgate1c@mtv.com,Male,zC1%YgR9.
Darb,dterese1d@chron.com,Male,"vC6""lu0tl.>`,y="
Alessandra,atargett1e@aboutads.info,Female,rM9!qJ='${
Michaelina,mtomaschke1f@360.cn,Female,sA5&i941`H~=lPe4
Frederik,fservante1g@so-net..com,Genderqueer,bA7&gVL@n#3w#A
Arvin,afahy1h@cargocollective.com,Male,pG5+@u0't%SY
Leila,lbraisher1i@google.com.au,Female,"wZ6&y""j?a5"
Marty,mminet1j@storify.com,Male,qG2(bs\|hnpcy0E2
Melisent,mtunnoch1k@homestead.com,Female,"jP8""CzBAJf"
Jacinta,jmacgraith1l@newsvine.com,Female,xD6<Y6VG
Efren,elibbie1m@discovery.com,Male,"sL7$,dsD3kW+$W~"
Mendel,mpate1n@bloglines.com,Male,iE5+K&5w'Qtw1
Saxe,scazereau1o@ustream.tv,Male,"oB9`jro@,*@HHk"
Rainer,rsavage1p@ning.com,Male,uE7'e868mw\Z3O}
Ange,ahillam1q@multiply.com,Male,qM2{8Vg<+4|
Caterina,crowston1r@cnet.com,Female,xQ7._8n~EK>yVPI%
Karrah,kgiveen1s@house.gov,Female,"fJ7,iO5*$EHWn6."
Gregoor,grieme1t@yale.edu,Male,aQ0%dP1gC
Ber,bcrosscombe1u@dyndns..com,Male,aK2}_J_Iv5W%D
Twyla,twinckles1v@quantcast.com,Female,iO6&=+qK6<
Margi,mgehringer1w@state.tx.us,Genderfluid,"kE5>xI59,j""ir?w"
Constantia,cclapston1x@ameblo.jp,Female,aK3+AOIY
Giulio,galpe1y@jiathis.com,Male,wF3/{6GAC('5Xx
Yulma,ynicklinson1z@twitpic.com,Male,yA5>uDXsn
Brandyn,bduffrie20@dropbox.com,Male,xW1)C%+~b3Qie
Raye,rwyatt21@dell.com,Female,zI2!kcy4ozYnkDaM
Pooh,phehnke22@shutterfly.com,Male,"fY0`tr""(njtI"
Ddene,dcossentine23@ftc.gov,Female,fV1'ZFCoU#c_
Greta,gpointon24@jimdo.com,Female,oK0?5upL`riG
Bonny,bdziwisz25@rambler.ru,Female,"lZ4_VKC6YL%Q,"
Prince,pjenner26@ycombinator.com,Non-binary,"bX9,%=nPyE8AnCF"
Austina,acorcut27@google.ru,Genderqueer,"zS4$jzKi,G\'NgY"
Carly,chuson28@time.com,Male,nO6'}b0yXHbX{j&
Julius,jcornelisse29@discovery.com,Male,oJ9)DyU3'
Willie,wlettington2a@biglobe..com,Female,"uE3""p`vkv"
Ralf,rpizey2b@reuters.com,Polygender,rR8{@o2i
Debbie,dsegges2c@fema.gov,Female,iQ6/!.IbW4?S4
Viki,vtinsley2d@cnbc.com,Female,rH4='<>93`>
Lenard,lsimeone2e@upenn.edu,Male,kL6?X<uoA8.J
Tiena,tthiem2f@flavors.me,Female,aE5?4Kv)xdXY
Deirdre,dtwinbrow2g@php.net,Female,pK7)H5N>qX\CBT
Moshe,mguilder2h@nydailynews.com,Male,wR6}{p_3>MF!@Ow
Josey,jsimoneau2i@live.com,Female,"rS0#?m!,t8""f"""
Robyn,rneasam2j@yahoo.com,Polygender,gG3./@*VK
Salvatore,sdulwich2k@oracle.com,Male,zY2\7Pb5u<&U|Zm
Grete,gpasfield2l@plala.or.jp,Female,cJ2&Cz_mxVP'
Zedekiah,zfairweather2m@virginia.edu,Male,"pI2/K/Kc,S0&y"
Feliks,fainsley2n@tumblr.com,Male,"cB6/,sjveMa)*"
Delmer,dpinkie2o@smh.com.au,Genderqueer,aC1*U2i98vXOT
Fredelia,fpallant2p@earthlink.net,Genderqueer,pK7/87WNVg/v*.
Becka,bbathowe2q@squidoo.com,Female,yN0/@pYG
Cecilio,cquipp2r@archive..com,Male,nX9(}CHH4q
Waldo,wbilbery2s@soup.io,Male,gE1`/?zSKP
Janetta,jegel2t@china.com.cn,Female,lC9`!WKEMFt>TlZ
Waylin,walker2u@webnode.com,Male,kZ2*~~iPe\
Melicent,mjaquin2v@i2i.jp,Female,aM1!uOF0tBH+R
Shalom,slosseljong2w@apache..com,Male,"rO2)gcpQF,Peu}}"
Thorin,ttully2x@bloglovin.com,Male,"xT3{&$Kww+,L"
Angeli,alanchester2y@arstechnica.com,Male,aW6$*h2}|
Cos,ctrowsdall2z@tmall.com,Male,yS1>*@?{`W|C
Malvina,mlane30@huffingtonpost.com,Female,"aV4(,K)f3}2"
Nadean,ndrinkel31@dion..com,Female,wC0|ajgj/RUl+0q
Hamlen,hmarioneau32@pagesperso-orange.fr,Male,bX2_(Ikf
Stearn,siacopo33@tiny.cc,Male,"aV2}76v*@=WRAS7,"
Baird,btwell34@opera.com,Male,aR3>UC_|zM2LGl
Adey,aphibb35@pinterest.com,Female,"cO4,<Mhg"
Martelle,mcrimpe36@umn.edu,Female,"aA1\nV*V>u,&Q"
Meara,mmitro37@google.co.uk,Female,"hU7""LAWdz7BJ4H#"
Darwin,drabbet38@godaddy.com,Male,nF0_6pWK0>sVIk5
Alan,apoor39@reference.com,Male,"nP9_$N'8O"""
Zandra,zdellabbate3a@nytimes.com,Female,zG6?va(}s
Benny,bolyonov3b@sphinn.com,Male,"dT3)2j3S+B""1JSc4"
Tobiah,tlillyman3c@washingtonpost.com,Male,kE2@0NkL.
Analiese,awhetton3d@instagram.com,Female,pK5(zys+
Hetty,hantoinet3e@nytimes.com,Female,dH7~B!aoz6D
Boony,bivankov3f@ask.com,Male,"lO1}2Wmo1,"
Reginald,rmccaghan3g@smugmug.com,Male,eF4{D1zMIbagXsU
Shep,ssargent3h@cargocollective.com,Male,"wF2,wPptmD,A"
Kandy,kkinnoch3i@goo.gl,Female,kE9~n@%$mF*@d
Enrica,ethorne3j@biglobe..com,Female,rC0$0}fei?
Kariotta,kblown3k@linkedin.com,Female,oX1}*!fqB5
Jens,jstansfield3l@booking.com,Male,eZ1'<OX3z_ge3$
Glen,ghoyles3m@businesswire.com,Female,"sG7_1{Fh0=)G,Z1"
Anselm,aflament3n@skype.com,Male,xJ0%<{1dhl8goIw
Kelsey,kcornau3o@tmall.com,Female,nR8!hG3.cl}Nal
Nissa,nmold3p@digg.com,Female,eR4)2XEgA
Cathie,ctorrijos3q@live.com,Female,rG6>!9+$VQr$UT
Paddy,pvossing3r@sciencedaily.com,Male,"bN2,{_wh~i"
Abby,aexroll3s@usatoday.com,Female,sB5%gmwXydWT
Sumner,slappin3t@unc.edu,Male,wV5(*#ChU\$Xo!c
Hartley,harnaud3u@dmoz..com,Male,aC6@<FT1p
Morey,mingolotti3v@cbslocal.com,Male,"qZ2"")(H5"
Pearline,pgooden3w@soundcloud.com,Female,"uV6,MAQh@pI*c)"
Donella,dtriggs3x@dell.com,Female,"gS5""~H!Lil"
Earlie,epettinger3y@blog.com,Male,lL8%1RitwGyB
Dilan,dsymper3z@delicious.com,Male,bG0)!Ap7KgvxZoja
Drusilla,dstook40@4shared.com,Polygender,eM3{#&u7Kr`
Donovan,drainsdon41@blog.com,Male,aT6@&MOB(RfGz
Jareb,jbohler42@posterous.com,Male,xQ7(SOR1lb3%
Eberto,emagwood43@jiathis.com,Male,qC4?u$h%ru
Boonie,bcordall44@sfgate.com,Male,wE3'#qZTKW
Ardys,ameaney45@newsvine.com,Polygender,yT6~xcnE`$
Bonita,btunbridge46@com.com,Female,dN5=Un/fF0Ql5
Ronica,rdurdle47@slashdot..com,Female,"fT1,mnN0SB{h4"
Shanda,sbeningfield48@so-net..com,Female,"rM9)w4KMOc&,9?y1"
Una,utrace49@howstuffworks.com,Female,"iI7!t"">{X>8ZV2"
Willie,wmoorton4a@epa.gov,Female,eD3(6cq{y}CTnm
Stafani,smusgrave4b@parallels.com,Female,iG7>lsU!1%
Nadia,nbarkshire4c@360.cn,Female,aE2@(Tbvc3&
Bartolemo,bcrab4d@homestead.com,Male,"wK5~I""=.(yGmRD("
Ebonee,ebidwell4e@ask.com,Female,dA3<iEKGxylX!pc$
Danie,dshimoni4f@naver.com,Genderqueer,eJ2~PZdm\Lx'V
Zorah,zmulqueeny4g@com.com,Female,fG6}kCD}K1h=.ab
Gordie,gcliburn4h@joomla..com,Male,yE7)zB8E2>Nwy?)1
Rufe,rstubbe4i@hp.com,Male,hQ3(>$qTj}
Noach,nlowde4j@mysql.com,Male,eP9'8u4}ZAXESo3T
Wilmette,wpickervance4k@abc.net.au,Female,sR0|A7QFyc$
Arlette,aharber4l@webs.com,Female,"wY6\u_p'6?(!"""
Saudra,srichley4m@lulu.com,Female,mC8'M9o!~|>4C*jZ
Alameda,anawton4n@hud.gov,Female,uM3?e2<)YpLF$(
Arty,asisneros4o@marketwatch.com,Male,lT4</Yf4ybf6=2kN
Lorri,lgrimsdike4p@hatena..com,Female,tQ1@tvlv
Danice,dbenediktovich4q@homestead.com,Bigender,eQ9?fSf>qE
Angie,aklagges4r@boston.com,Male,sG0`SuM&_
Em,ewaplinton4s@accuweather.com,Male,xX4=.H%KY(Y
Elfrieda,ehryniewicki4t@squarespace.com,Female,mO1`bV<Au*)
Rubina,rcolman4u@infoseek.co.jp,Female,"eE7,C"",<K@D8R.aT"
Christan,coshiel4v@blogs.com,Female,jK6$.KNw7
Nadine,nmcquaker4w@imdb.com,Female,mK9.k8's`tvw+nj{
Dorene,dblesli4x@icio.us,Female,wF1~pH{miVf
Edvard,efrancais4y@census.gov,Male,"wY7,by)t"""
Claire,cbeldum4z@amazon.co.jp,Male,"pC2\H""`Mi)V4NF?x"
Efrem,eollarenshaw50@narod.ru,Male,"iA3""PLZy>"
Carlotta,cramberg51@gov.uk,Female,cA6`/(WMuf71
Arther,apoulton52@fastcompany.com,Male,lP0|Is9bNgKeZ
Minta,mredier53@yolasite.com,Female,tG4>9fk<tEBR
Osbert,ofletham54@gmpg..com,Male,zR7<w}y3'_D
Nat,ntrevenu55@squidoo.com,Male,mN2$UJs`osqI
Barnabas,bfirbank56@i2i.jp,Male,lG6?vZ5UQ
Eugenio,egreatbanks57@naver.com,Male,jE0\LK$$>#9R8'
Harold,hwoollcott58@reverbnation.com,Male,mT7=vPys
Alexandre,alaflin59@ucoz.ru,Male,"aB3&$!Ug#""rDznS"
Edwina,ecrummy5a@un..com,Female,vS2.$5H%~
Pietrek,psmethurst5b@huffingtonpost.com,Male,sD4)c3)t</u/*JBN
Genia,gsarah5c@tmall.com,Female,nR7)z'7PWOJjH
Zebulen,zminshaw5d@freewebs.com,Male,kP7__wdQ1_@owO
Kimberlee,kbullerwell5e@google.pl,Female,sP1#ZbO3EN
Jefferson,jsiddens5f@google.nl,Male,"dT7""oX<v'_?|"
Ashely,araithbie5g@live.com,Female,wC1/|ew5fXHED
Darn,dmucklo5h@homestead.com,Agender,qX3%!'iy
Rutger,rheed5i@gizmodo.com,Male,"rG3|7Z\""bj/2m+#"
Dylan,dborton5j@engadget.com,Male,hF3?$Jh%@ES~l.R
Kimberly,ksilberschatz5k@fastcompany.com,Female,bP7#`e>jLwXC
Nelie,nlambert5l@mozilla.com,Female,"bY6|`mY""f6}7Or"
Myrta,mchoat5m@tinyurl.com,Agender,"zW8|)(z{8"""
Fernando,fsemper5n@dion..com,Male,fW5'#?otz9
Courtnay,cmcilhatton5o@blogtalkradio.com,Male,fT5%*AoJgp6D
Vale,vstearnes5p@chronoengine.com,Male,dS6|$c5ggAKnbPu
Remus,rpaylor5q@ocn..com,Male,"jA1.ZKN,E"
Consalve,ckunneke5r@timesonline.co.uk,Male,nO5)imf@>`iR97}
Pall,pstawell5s@gravatar.com,Male,wU1+~_$K@{I
Carlee,cmilthorpe5t@cnbc.com,Female,"xX5(gc,Bs6hIU="
Ermentrude,eklee5u@marketwatch.com,Female,tR4<x#+@bnz
Haslett,hspeer5v@wikimedia..com,Male,pO0/VX3$
Mariquilla,mraffles5w@yellowbook.com,Female,uM8|Od/>0iL1.
Julia,jannear5x@wsj.com,Female,pP0@vaFL!\
Jeanine,jratcliff5y@stanford.edu,Female,vA9(ZM+r8BU
Tanya,tpitsall5z@macromedia.com,Female,"dU3,9!J8GrX=ON#"
Claribel,cchoat60@abc.net.au,Female,kN4\khCl{6bg'jHk
Barny,ballitt61@parallels.com,Agender,zG3<9pDtGOV8d
Thea,tsuston62@shop-pro.jp,Female,oB4/x6Fp$h%(I
Kaylyn,kdowdle63@redcross..com,Female,pK7%v_vBW$m)
Vail,vmortlock64@patch.com,Male,rE9@q2Y)
Carolann,cravens65@instagram.com,Agender,vK2/rD509`tF
Mace,mfawdry66@bigcartel.com,Male,mV2&Q3OAr'YIS
Basia,brochewell67@xing.com,Female,xM8&ax54.oI
Nonie,npennock68@gov.uk,Female,yB6{`!!#nY
Prentice,pshenley69@time.com,Genderqueer,nB5\|C}X{ZF>JBD
Linell,lgowry6a@ow.ly,Female,fV2~XaYKxPj!
Ceciley,cloos6b@hatena..com,Female,vV8~?<1/}!0o
Marian,mdods6c@paginegialle.it,Female,oL2!2*/#rp
Margareta,mcranstone6d@opera.com,Female,tR9<rT#Fo
Davida,daldritt6e@europa.eu,Female,fU7>qhpw(iIv0'
Stephen,swaison6f@quantcast.com,Male,"rE4""0Z5FxEr"
Fidelity,fbrighty6g@virginia.edu,Female,"eN9`DGl?qs}=""*.."
Dayle,dsimonett6h@omniture.com,Female,oB1=3**.x?.?N`?
Huntlee,hwhayman6i@surveymonkey.com,Non-binary,kC3(JS`6#C~70Ue*
Yale,ysneaker6j@elpais.com,Non-binary,uI7_=<PoDVzIEK
Dahlia,dgertz6k@disqus.com,Female,eN5'BVT6K}Ea%.i
Holli,hjex6l@360.cn,Female,lE6!QYSVl#|
Kliment,keric6m@webeden.co.uk,Male,cY9~mgK+JP_Y{\w
Berke,bfabri6n@mtv.com,Male,"zE9""`Kl11#v"
Ignacio,iradoux6o@ucoz.com,Male,hR7>}4%i
Deina,dpomroy6p@oracle.com,Polygender,"tX8""ysiVeaI"
Lesley,lvears6q@zimbio.com,Male,tR6+Uq5XVJtDIe
Colby,cmatussow6r@studiopress.com,Male,uU3'u|sACw(W_7G
Kelila,kjencey6s@arstechnica.com,Female,tW9`0`Zi_P6bJn
Suellen,sallridge6t@spotify.com,Female,"kV9""Eo=A6Go1,"
Bennie,blicciardo6u@guardian.co.uk,Male,uB3`?~.Rp_Y?l?S
Murray,mwyldish6v@statcounter.com,Male,aW7&<1uFlg#
Josias,jvobes6w@vimeo.com,Male,vC6~C~{yZ0p*
Meredithe,mwenn6x@foxnews.com,Female,iF7#2_+'Pl>fpAh
Zebulen,zbollins6y@comsenz.com,Male,pT9_~*'h!5S
Ge.cometta,gleadstone6z@businesswire.com,Female,"iU6,NP8s!1YE{"
Florrie,fgianulli70@xinhuanet.com,Female,yZ2%q~T4=`
Saundra,spuleston71@geocities.jp,Male,qA2=NAaIqE@Zx
Aguie,agogarty72@ibm.com,Male,"dO7,MN&$LOS52T8R"
Sapphira,sbernollet73@rambler.ru,Bigender,mE3?JN+fTYX
Erick,egrcic74@google.es,Male,"rX9)\'2'*S,7U"
Sidney,sluttgert75@fema.gov,Male,jV3'8iG4
Kirsten,kaizik76@sina.com.cn,Female,gX6$gmV'mM_
Bent,btorry77@yolasite.com,Male,"rL9!9,ZpM"
Aron,ahavis78@seesaa.net,Male,rE6\I@(n
Trix,tdarque79@nytimes.com,Female,uJ3*F!`'
Terri,tibbott7a@360.cn,Male,tQ5(nUVaerE3d>
Lynna,lmullett7b@phpbb.com,Female,"jL4<k#""x?rJ%h>"
Viviene,vduckels7c@yolasite.com,Female,yC2~5$B.TrbLH}Yw
Grantley,ggreenly7d@hexun.com,Male,"pA3""EqL""NVRo"
Fredi,fgrendon7e@youtube.com,Female,jC6(sDs#
Herb,hasche7f@networkadvertising..com,Male,bO9_f=f52S|m{4M
Jocelin,jsteed7g@princeton.edu,Female,"sX5@$w_\2>,xZRC"
Lion,lfauguel7h@artisteer.com,Male,pO2~hd~GP
Bradney,bmaven7i@biblegateway.com,Male,"oU5)_""yfc6T"
Lotte,llinn7j@pcworld.com,Female,dU5?0L1*U)(
Cyrill,cfaust7k@tripadvisor.com,Male,eZ7!*B/P`
Lewie,lisles7l@wp.com,Male,sE1$qZIK0
Conroy,cdumigan7m@economist.com,Male,aU1@Hgg\miZ
Geraldine,gvesque7n@domainmarket.com,Genderqueer,"eI3>rgNI""""`kG"
Orrin,orobbie7o@house.gov,Male,cW2{g*h\>t(R
Michail,mfranzke7p@guardian.co.uk,Male,oE7=dC12=q_LI@*B
Chick,clamont7q@github.com,Male,yD1@P`n#Ub4Na>As
Chaddie,cdamper7r@ovh.net,Male,dA9%a@d$C|l
Sheelah,sbartaloni7s@webeden.co.uk,Female,xD2/5Kt=l_=jQvAp
Odessa,ofedder7t@fema.gov,Genderqueer,"cP3"",m+3Fm`P#j"
Hendrick,hmunroe7u@addtoany.com,Male,xN3=ma(!n
Tobi,talliston7v@dailymotion.com,Female,zO3$wTaXt*.!9+
Cathi,cjaggi7w@istockphoto.com,Female,nE9%sWD9
Ludwig,lfurmenger7x@csmonitor.com,Male,lL1~5cD*
Nichol,nbunker7y@blogs.com,Female,"dZ2,T.G*mx#V.O\T"
Clive,cfobidge7z@state.tx.us,Male,wV2&x2dy|&q
Rory,rculter80@guardian.co.uk,Female,"zJ6,}PS""g"
Adela,ablagburn81@vinaora.com,Female,sZ6|OM_PreT*@{fX
Emmie,eyellowlee82@google.co.uk,Female,dX3_YKq&v|Ta!07*
Amargo,ahargrave83@facebook.com,Female,"kO7&@/9*""tD"
Felecia,fdietsche84@theglobeandmail.com,Female,hS7}j@*@h=%
Erwin,ebryce85@so-net..com,Male,rM2>_~`L2
Nigel,nilyas86@who.int,Male,fV6*{LPG)jl@
Derry,dburkert87@webmd.com,Male,nA4)Z+BA
Angie,agirard88@uiuc.edu,Female,xA4)_~&.ZB~gg
Brooke,bgregoraci89@abc.net.au,Male,"aV7,6J9*!"
Godfree,gstollwerck8a@acquirethisname.com,Male,lD0<W#r8k`st`l
Saunder,sjedrzejewsky8b@squidoo.com,Male,"mZ0""nJCAq7FzVRF/"
Estrella,egravener8c@princeton.edu,Female,uE9=!t59A\XUP
Shani,sriccioppo8d@infoseek.co.jp,Female,"rG4{qf""}01WTQ"
Xever,xduberry8e@123-reg.co.uk,Male,zQ0{QjeU|ws73(?
Prue,pasif8f@4shared.com,Female,yA4\!n\q)i#kIZv
Tiena,tsuche8g@usnews.com,Female,xI6?kgD7~xPize
Silas,strye8h@seesaa.net,Male,fT3'?x$\$DX
Gisele,glafont8i@amazon.com,Female,mV1?.t40
Sanders,sullyatt8j@netlog.com,Male,dO2#|cvL9Rj_
Emmy,ecraigmyle8k@youtube.com,Female,zZ4+Equz
Myrtice,mgudgeon8l@cam.ac.uk,Female,"cZ3""M4X+"
Lamont,lhitzke8m@mediafire.com,Male,kG4*\JWP<nsZmn
Carlynn,cvanvuuren8n@paginegialle.it,Female,qU2*PT\nAyETDU
Nert,niveagh8o@google.ru,Female,pM0>4zKAEw6
Christie,cmaffetti8p@bing.com,Female,sQ9<@RLP
Alta,agiffaut8q@drupal..com,Female,kA1#RB\\XwP0
Deidre,dhegden8r@bbb..com,Female,sE4})r*x\7
Axe,adoget8s@bravesites.com,Male,bU4}h<FQaC
Harriett,himpy8t@twitter.com,Female,fP7<k'!86NQ8=x>
Karly,kvenart8u@paypal.com,Genderfluid,iP7+0hOUO9{4
Antin,atuting8v@ibm.com,Male,"lS4,oZY,"
Prentice,plamperd8w@t.co,Polygender,"fN2""fmMJA9B&"
Chadd,cberick8x@nih.gov,Male,dY2/nN|r.
Sascha,ssweetlove8y@indiegogo.com,Polygender,pU3|@q%$
Lenard,llarratt8z@go.com,Male,zT9'<xJYw
Laurella,lkhan90@dion..com,Female,lR4$pLWHDjtR{'vj
Merrilee,mblow91@wikia.com,Female,eR3$HLVuRM
Lissy,lstuchburie92@discuz.net,Female,yE6&({K*<%T
Madella,mcopins93@sfgate.com,Female,rS9/e#%9b
Edyth,egoodridge94@google.com.au,Non-binary,xJ8?lOrUn
Prudi,pgavin95@vk.com,Female,cG0+NG(XHX
Davey,darkell96@g.co,Bigender,kJ7`x0A}
Barrett,bhartfield97@auda..com.au,Male,uB4#<OD<H
Hersch,hgilkison98@latimes.com,Male,"uX9.We+JI,"
Cherilynn,chinder99@squarespace.com,Female,"lQ7@"",0Y(Cr\8JF"
Jelene,jguidone9a@house.gov,Female,gI9`(0(sK376N
Aurilia,aluty9b@dell.com,Female,wF1_j!>SA
Arnaldo,am.coman9c@ucla.edu,Male,aP4~T4N`b
Sunshine,sburgisi9d@deliciousdays.com,Female,mN1*8U&wMz'
Sibilla,sraffan9e@sfgate.com,Female,qK6@{88>Z
Sayers,sslemming9f@tuttocitta.it,Male,"kO3!1yil""k"
Vinita,vkowalski9g@eepurl.com,Female,vB1!h)HoGx
Julie,jphripp9h@miibeian.gov.cn,Male,"dW4,<9Q16"
Corabella,ctopp9i@narod.ru,Female,uF7*mWOb
Baxter,bnorthley9j@amazon.de,Male,"gE5$ZXv""E)"
Brinn,blillford9k@forbes.com,Female,mU9.rXd)PX
Aurore,alebrum9l@devhub.com,Female,mJ2<|`c9`cr
Adlai,astansby9m@businesswire.com,Male,lX4!2?Vk|o&Z}
Zelda,zbarnfather9n@sciencedaily.com,Female,"pC2~8{E""~g3"
Sidonnie,swellman9o@umn.edu,Female,zW1/nc(#l\
Pembroke,pglasscock9p@ifeng.com,Male,"tK3($},"""
Corene,cedwick9q@shareasale.com,Female,oN3@wYmc5_E_iij
Waldemar,wmulloch9r@irs.gov,Male,yC7/1S9A(RLGLNK%
Miltie,mellsworthe9s@ifeng.com,Male,dA3`PhBJk
Cornie,cparrish9t@walmart.com,Female,"jS8<,t|lD"
Gannon,gclelland9u@wikispaces.com,Male,oD0/*{=0!H/D
Lu,lgoodyer9v@twitter.com,Female,"uN9""(a+Hj"
Eugenius,edoey9w@nba.com,Male,wP8_0xoo*
Melody,mdominguez9x@woothemes.com,Female,rN0?)6scEj#
Juline,jelcott9y@blogspot.com,Female,hI2%nCN7f)J
Booth,bmee9z@skyrock.com,Male,fX7'#vFo2+up8S
Ag,adrapera0@mayoclinic.com,Female,"kI7""ZQIjHxx$/Lh"
Karylin,kcrannacha1@icq.com,Female,"iN5""x4aG,}"
Anestassia,ahensa2@chron.com,Female,"tP3<C850BX,8"
Zelda,zdoriea3@cmu.edu,Female,pL7.i`B4l#P$p(
Cosme,cblamiresa4@dion..com,Male,kC6_fk7.0
Elly,egurradoa5@foxnews.com,Female,eD5)!*Gjn?k`=
Sigismond,sdedenhama6@earthlink.net,Male,mV4!A1XalvuU%}
Cece,ctorrea7@bbc.co.uk,Male,"sR8+Pxl#5"""
Annnora,aseedhousea8@hao123.com,Female,qO0>.+Z}5Tqpy
Thacher,trobilarta9@1und1.de,Male,"sZ3+""gPCD_t4n"
Marlo,mcasinoaa@time.com,Male,uE9=12Y6\setxE
Mitchell,mfaithornab@ibm.com,Male,iH6?~kT{
Roosevelt,rcraskeac@narod.ru,Male,oY6\{#A/*}m
Benedetta,baudibertad@sciencedirect.com,Female,hG7%dnfhhUp
Cass,cyakoboviczae@indiegogo.com,Male,"sJ3\/urL0"""
Alaric,acorbishleyaf@boston.com,Polygender,"sD2/s'RyY=()o3n,"
Louisa,ldaftag@drupal..com,Female,hK0|P.Qz<x
Mercedes,mlambleah@ezinearticles.com,Female,"fF7%dfK""~}_S{"
Malissia,moakesai@umn.edu,Female,sU1`?.<V
Garek,gcoatesaj@sohu.com,Male,iQ2\?5G$R
Cherye,cklicheak@comcast.net,Genderqueer,jC1!q))u
Piggy,psellarsal@earthlink.net,Male,fK6~+sjbo=kPG1~W
Bonnie,bscriveram@list-manage.com,Female,tX8#GV1lB
Inez,icondictan@arizona.edu,Female,bC4{nv8J$S.r~uyw
Adolphe,aitzkovwichao@de.vu,Male,"oJ9""*|NGR/TyBk3"
Cori,cwrenchap@acquirethisname.com,Polygender,xH7|>\(EWh!
Waylin,wweedallaq@scientificamerican.com,Male,aM2~wpV5r!9
Duffy,dgarciaar@google.com.br,Male,"gT7)=Zp,<\'2"
Toby,tlarsas@nationalgeographic.com,Male,yH2/6/jU+%#Bf\7
Nappy,ntunnadineat@va.gov,Male,gA2{~KhS
Norah,nmoverleyau@seesaa.net,Female,"aD3&m>""b"
Darill,dweatherillav@ocn..com,Genderfluid,"nQ3""K$wDfg=lWqc\"
Vladamir,vredgewellaw@diigo.com,Male,jV5(IW.@&hB$<Q
Kelly,ktoombesax@dot.gov,Male,"dC1#j)9""4!wh2"
Daune,dgladyeray@prweb.com,Female,eX0<WcWRAM3p_
Deanne,dandrusovaz@purevolume.com,Female,aC7%_)=LEeUUtHw
Fleur,fsigfridb0@topsy.com,Female,dM1.&j6(}7/|
Werner,wlinbohmb1@booking.com,Male,xB7&{u1jr}CjG|uT
Wiley,wyanukhinb2@gnu..com,Non-binary,rU7>mvX?FG3(aE
Nelia,ncallissb3@bloglovin.com,Female,bA6\w3c$=W2fDAwS
Miranda,mklejnab4@nature.com,Female,cU3\wwyZ{
Nancey,nmilab5@about.com,Non-binary,wZ8)5MY910DcD`zi
Clovis,cfeversb6@photobucket.com,Female,nR5\IQ(1}(}9q*
Lola,lcullyb7@abc.net.au,Female,"cP3"">RP{2u0}"
Corrie,cchassonb8@google.fr,Female,kS7\&`{W>BC7
Adriaens,aeliescob9@usda.gov,Female,pP1\iCGqebC(
Bernardine,bdowdingba@so-net..com,Female,qS7_xfa5.Ah87r
Adrienne,asegebrechtbb@pinterest.com,Female,mE3*5M}Y='CiVD0
Rafaela,rboorbc@last.fm,Female,mR3_z+r~
Beatrisa,bweldenbd@live.com,Bigender,aM2((B?\~fJ'n
Beverly,btillingbe@amazon.co.jp,Female,tP3$tL~WGSL6
Tiertza,teschalottebf@fotki.com,Female,jW5*HU8EE&
Minetta,mclyantbg@yale.edu,Female,bN5$h~\LkNo=y
Sidonia,srangallbh@cdc.gov,Female,pK7{sT%r)W).@
Gwendolyn,gminersbi@cbsnews.com,Female,"sU4#""mCWJE$X"
Thomasa,tfouldbj@fotki.com,Female,"fO1'HxVi|""58LB"
Peter,pboomebk@meetup.com,Male,mZ1@)V*4Dv/
Baxie,bollivierrebl@home.pl,Male,"pJ7.YUv""%2##"
Martguerita,msangbm@patch.com,Female,"oH0{DZ~.iwGjv,}"
Sebastiano,sdiblingbn@taobao.com,Male,"jZ5""?v_W"
Spenser,slilianbo@fc2.com,Male,aJ5's_5)lGS~!V
Joye,jgilloolybp@answers.com,Female,jT7?4Dobg|
Xylia,xwalaronbq@ucoz.com,Female,eJ0<fR9Q'{QVO
Shaw,scranhambr@google.pl,Male,hS2>2dn*hZL$MfKJ
Loren,lrodenborchbs@foxnews.com,Female,xJ7/<qi%'
Sela,sbennenbt@multiply.com,Female,"mZ0#$%9DT0""TX/x"
Edita,eavramovskybu@shutterfly.com,Female,"eT9*,CYIy#5"
Gradeigh,gmaestrinibv@csmonitor.com,Male,gE9{EOnm
Kareem,kjakobssenbw@sogou.com,Male,fS4'=fWKg#Wv#t`T
Melisent,mthaybx@51.la,Female,gD1*F=nN8c
Elena,etankinby@mayoclinic.com,Female,sU6_DoVjZJ?6U
Arvin,anorwellbz@arizona.edu,Male,kQ0<F?=>GB#23
Isaac,imerrissonc0@flavors.me,Male,yD6'*C.48mMryzk<
Mikel,msemmencec1@nih.gov,Male,"yN9""G\{l_@+"
Karry,kklimkinc2@squidoo.com,Female,mU4@$?)XE
Jasen,jhammondsc3@privacy.gov.au,Male,vD6#m\Qu@
Adaline,aoscannillc4@posterous.com,Female,cK6`HmNJT
Colleen,ceckertc5@quantcast.com,Female,oQ1$z|rqI%
Whitney,wjexc6@sciencedirect.com,Female,iF5+LGU>@
Mariquilla,mcaldowc7@360.cn,Female,cA2|{LnNmgPD_
Lalo,lsnariec8@parallels.com,Male,yO1~54Xfo
Ramsay,rwatshamc9@1und1.de,Male,lA3<cb\H8gfR#e*
Abigael,adenneca@aboutads.info,Female,yQ0{7+9OtdZ0h$S
Abrahan,agavrielcb@archive..com,Male,nH8/KqANJbUts=2
Vannie,vm.comencc@bbc.co.uk,Bigender,rT4/j<'c7&v
Hillard,hochterlonycd@bravesites.com,Male,aX1{zUVkS#S#dHB
Malva,mlampbrechtce@ning.com,Female,pM1(4&)S%!3
Ginger,gflyecf@usnews.com,Non-binary,eI7.c.VDQCf0sj@C
Theda,tdempstercg@cloudflare.com,Female,hI8/!pkymcm1uZ3
Godart,gduplantierch@cloudflare.com,Male,nU8~za`z(0
Fidelity,fstammirsci@gov.uk,Female,"nJ5'="">(DI"
Leicester,lcastellacciocj@yale.edu,Male,gY2$tb8h>X
Avis,aallsuppck@1688.com,Female,"pG0_A""1LqXK"
Boigie,blancetercl@dyndns..com,Male,dW7%hE%W_ytO
Heinrik,hjanoseviccm@ftc.gov,Genderqueer,dD3?NTM<}q8
Amble,afildescn@independent.co.uk,Male,"wI3@@,E=3/hT|/U"
Erinna,erobardeyco@seattletimes.com,Female,wO5&igUxq&y~
Rosa,rollerearnshawcp@last.fm,Female,"cX5@k,1T="
Martie,mrumenscq@mashable.com,Male,dV5_Q)cP
Cristiano,cfieldhousecr@netvibes.com,Male,"bX4>zve0Flp""3C""?"
Esma,ewimpeycs@epa.gov,Female,xO8(Y5\Lby
Heda,hfulunct@si.edu,Female,qJ9'zp<yzc.uW
Kipp,kfosdykecu@google.it,Female,qZ7&%_}>vK
Laurie,lduncancv@sphinn.com,Female,"eT9*FlqsC,ecS|"
Edgar,ewhytockcw@xrea.com,Male,"mB4_t""`v\"
Neal,nplentycx@exblog.jp,Male,cS2`eAJ0`
Cayla,caslottcy@booking.com,Female,sB6}*6&%N
Anna-diana,alewsycz@google.nl,Female,pL1>qd26NM<tVu
Bernelle,bpohlakd0@wikimedia..com,Female,"wO2""aNl!yE?iY8o"
Jemie,jhaneyd1@uiuc.edu,Female,lK5}~3gdA
Ange,aorredd2@latimes.com,Female,yW2}zE(7K*
Aubert,aberand3@apple.com,Polygender,zR0>7mZDd
Krishnah,ksantid4@bizjournals.com,Male,aH7=E')O8i.e1yj
Araldo,aormistoned5@deliciousdays.com,Male,"dG1'kHK""``"
Felice,fbeacockd6@toplist.cz,Male,"dT5""Ad?y"
King,kchanderd7@sakura..com,Male,"bM4?$8|Z""sf'"""
Marten,mcathesyedd8@cmu.edu,Male,"yK1/ni+""!!O~&G"
Constance,ceadsd9@vk.com,Female,jT2.(GgzR9.~y)&
Pattin,pbrosterda@japanpost.jp,Male,iJ7%b{HI_U
Bert,bhuzzaydb@uiuc.edu,Male,oJ5#{o5`
Ari,ademogeotdc@microsoft.com,Male,zR3*.5b9a5(k=s=!
Denys,ddoolydd@buzzfeed.com,Male,vU9)#eH|ld4vGe.
Damian,dmaliade@prnewswire.com,Male,kZ9{%+EnbR\_S2
Kath,knieseldf@mysql.com,Female,hG6{7P|GN(Y6kkG
Davidde,dporcasdg@newsvine.com,Male,jK0.(xPNuA}
Rolfe,rheggiedh@photobucket.com,Male,tN4~>f?pY
Freemon,fbucktroutdi@statcounter.com,Male,"mR2+b{=$""qx"
Bevvy,bantonaccidj@noaa.gov,Female,zO0{12~iU/U>E|4
Lew,lhornbuckledk@princeton.edu,Male,"hG0,M/W\}gg"
Stormie,smarchellodl@ovh.net,Female,uW3'ajhoH\BPk%j
Harper,hpettegredm@cbslocal.com,Male,tJ0|<U7pIvk
Dudley,dpeasbydn@japanpost.jp,Male,gN4<CI`8U5CH7$wy
Oneida,ohobsondo@123-reg.co.uk,Non-binary,tM9$ebO$2hO
Cathee,cbettlestonedp@google.fr,Bigender,"cA7""Y2@H=W~T"
Ferrell,fbyrdedq@businessweek.com,Male,rC6\gCAH?
Kienan,kspyvyedr@accuweather.com,Male,"aN6>#V,K"
Katina,kcolletds@cyberchimps.com,Female,kH4!J\UR?YRq_
Corty,ccrowcherdt@spiegel.de,Male,lS6(`pTO(?z?
Sarene,swaitlanddu@dropbox.com,Female,"fY0%0#,x"
Stephine,ssweetdv@jalbum.net,Bigender,iB1\k4O>=UL
Mariel,marthargdw@posterous.com,Female,"uM9""6yP$U"
Sigismund,sborndx@bloomberg.com,Male,yM6@%g65M{}p9
Sol,sshireffdy@shutterfly.com,Non-binary,"yW0,7hFK"
Vite,vperesdz@tmall.com,Male,aX3(%1!3tsTSU
Prent,pbaldine0@elpais.com,Bigender,wB8=rcOQ42?
Alicia,asoanse1@facebook.com,Bigender,dZ9(.@J!mQNI#jHW
Lin,llitchfielde2@disqus.com,Agender,"xM5>~mA,"
Crawford,callnere3@dell.com,Male,nD6<OR3hse\G0i
Zondra,zhoofee4@nbcnews.com,Female,rX0|xYk0+Fl
Ursala,utohille5@biglobe..com,Female,rL6/))nCsQ
Gi.comio,ganeleye6@arstechnica.com,Male,"tU3""sj26KdMHC4E"
Melvin,msparrowhawke7@loc.gov,Male,oQ0(S`w+E
Thedric,tscintsburye8@jiathis.com,Male,dN8~Loh/4y'
Natassia,nfuttye9@theglobeandmail.com,Female,dE6+&x/6
Zacharie,zcattowea@uiuc.edu,Genderfluid,"bL6`ocn@,4qw~"
Marcos,mgaganeb@smh.com.au,Male,aE2>=37a6+ooCK7
Rafaelita,rivasyushkinec@narod.ru,Female,"sY4,9UdZ5CPOTF(6"
Lisha,lirvineed@spotify.com,Female,pA0=ZNaZIBh
Lynea,lgrenteree@netscape.com,Female,tJ4!\+MXC{u
Dimitry,djosephief@bravesites.com,Male,"uY7(1`(P@G,q7A"
Ingrid,itweedelleg@mozilla.com,Female,bD7<u#Lr
Linda,lzavattieroeh@meetup.com,Female,pM4#9%gG
Alic,aberndtssenei@blogspot.com,Male,iS6?1r1~<+n$
Erica,erumminej@163.com,Female,pC2}qOOM
Daryle,dklimmekek@booking.com,Male,yK2'|j1nTo'
Malina,mfawdrieel@over-blog.com,Female,"iB0<""5j@JHkbV"
Tonie,tulyattem@dell.com,Female,lK5*'H=LsF
Etty,emartschiken@hao123.com,Female,"sA6/+w4>2?R""T6"
Coreen,clabbetteo@gmpg..com,Female,zJ0@P$C`13
Eden,ecolbrunep@ed.gov,Female,hX2/R{aGU
Scott,ssticklandeq@reddit.com,Male,"eE3!>""IiPh"
Pavlov,phainser@techcrunch.com,Male,oT0(TvN5IP1
Wat,wcabreres@tuttocitta.it,Male,lV8|$~F+
Sky,shuguenetet@jugem.jp,Male,"mT7`,cjpp6"
Tades,tmaffioneeu@constantcontact.com,Male,fH7}@dt+
Kerrill,kgallowayev@a8.net,Female,fT8{=Rqr$.#cf)Q<
Linnet,lstermanew@umn.edu,Female,oQ7/Q6_FiPXg
Jesus,jspavonex@slideshare.net,Male,kX6\\!!2ug%RWi
Olimpia,owigzelley@pen.io,Female,hE2@0##Hjs$5Ciq0
Erroll,eheymesez@upenn.edu,Male,eY8>4YkZ_@Pv6
Rhea,rorsf0@skyrock.com,Female,hN0=JH?YkQbT`
Sylas,sbegwellf1@dagondesign.com,Male,hF6`(TJvZlK
Letitia,lwyardf2@issuu.com,Female,hN4/B7z3NVpq#
Nickolas,nfowellsf3@uiuc.edu,Male,zK5*64~#H9
Shepard,srosenbergerf4@nps.gov,Male,"bT2>,mfQ`fY"
Brig,bcescottif5@apple.com,Male,lF5%PR{ue
Sophronia,sdonnef6@slate.com,Female,"lP5""#""o>~qKN<*D"
Lorinda,lbennief7@etsy.com,Bigender,iL0<}((t
Josselyn,jcasserlyf8@techcrunch.com,Female,nF8!j$*#Y8Z#
Windham,wolivettaf9@amazon.co.uk,Male,aW1/ds/8Cer+n'VT
Marcellus,mdackfa@tumblr.com,Male,nF2#4a$%+6.&3*q
Deane,dminallfb@aol.com,Male,wK2{GAYnXc
Holly,hkrochfc@chronoengine.com,Male,fK3{Z/#N.c*U>S
Sal,sgledefd@blogger.com,Male,"bT2?Xy>B4""aFTI8"
Karlik,kdashkovichfe@newsvine.com,Male,nR9)p%RVRU
Rhianna,rjanoutff@wikimedia..com,Female,fE7{o#Z&X?TYr
Bonnibelle,bscothornfg@whitehouse.gov,Female,"yP1_'hPX""BUBz2N"
Kellby,kwindlessfh@google.cn,Male,dH9(2BF%z2+*8v\R
Patten,pbakhrushinfi@washingtonpost.com,Male,jG3|ByVkU
Dulcinea,dtalbyfj@ca.gov,Female,fF2&gK{OXnk}!SK
Codi,ckillockfk@themeforest.net,Male,vF0@CS(F3=~EV8i
Phillie,pfetherstanfl@bbc.co.uk,Female,rD7=@d)BBpb.
Hendrick,hpestrickefm@cbsnews.com,Male,aZ8(4$DUd7MjH|
Poul,pswattonfn@noaa.gov,Male,tL6\I|~`x.(WNM@
Brady,bbadsworthfo@businesswire.com,Male,jI0~W\GN8eUw
Elnora,eyaakovfp@lulu.com,Non-binary,tI0`P&.F1QNIH
Vinny,vifillfq@wordpress.com,Male,"mR5)6,hns)b2)."
Merralee,mmortenfr@trellian.com,Female,dV7_$J=8V}B*ac
Lilas,lbrackfs@histats.com,Female,gL9@L8n{(In
Hamish,hdibatistaft@chicagotribune.com,Male,"kG9.9""ac"
Roth,rmorradfu@goo.gl,Male,tA6{!!C2+8
Daryl,dlestrangefv@intel.com,Female,wP7{p3eaOZ+
Vassili,vkemberyfw@salon.com,Genderfluid,hU1}ETS9X
Jo,jkennerknechtfx@ifeng.com,Female,fU7\?$ox@g
Lemmy,lcrecyfy@a8.net,Male,oY6<`nrC#}p2r>
Dag,dkenninghanfz@yelp.com,Male,bF3`%wmx1<mbFKW
Ennis,ebettesong0@uol.com.br,Male,"aG4?L,+Hw&XYSe"
Ashil,akittmang1@so-net..com,Female,vE3(K~U}LZ{5b%
Catherine,cmcquilleng2@comsenz.com,Female,pF0$n|%*
Sioux,sgerretsg3@youku.com,Non-binary,nU0=~|T26%_v
Emalee,esutlieffg4@salon.com,Female,nV3!f)ASJG
Armando,agrassotg5@addthis.com,Male,vY0<)sMY
Nanci,nhansardg6@geocities.jp,Female,nD6!D*xGx|'#
Tasia,tnighg7@naver.com,Polygender,wY9&@$hUb
Phillida,ppanyerg8@ox.ac.uk,Female,oS3_x+C/
Flin,fd.comong9@princeton.edu,Male,yU4)W>.4lJ
Odey,oberthga@google.co.uk,Male,pZ2_\lmM.AL
Devina,dlawlinggb@harvard.edu,Female,fI6>kRm.=G_
Aubrie,asaverygc@webmd.com,Female,eK9!&dT&=
Hannis,hpaulsongd@storify.com,Female,"mZ5))M1,"
Lucita,lstockingge@goo.gl,Female,dK1&k787jZV8%
Isacco,iadiegf@wufoo.com,Male,cZ6.GC9#{jJ
Bryant,bmcallangg@elegantthemes.com,Male,vK1=zQVrxWA
Gage,geusdengh@yandex.ru,Male,hQ5=+AshZC'~Q
Tony,tlidingtongi@bbb..com,Male,kT4'xy}5i@
Monro,modroughtgj@geocities.jp,Male,jU2~k'G0_7s
Dulcine,dgarrowaygk@nydailynews.com,Female,cZ4}MtIqA
Nina,ndeehangl@ucsd.edu,Female,cU7=tsdfYH)
Avram,aarmatagegm@amazon.co.jp,Male,qO9/CO3?
Wiatt,wboschergn@apache..com,Male,eW9@h_'k1y
Seka,sbirkwoodgo@huffingtonpost.com,Female,pS1}Di2e<_>{3&`
Maris,mpietsmagp@blogs.com,Female,qJ9+NuWKn
Phyllis,pfontingq@deviantart.com,Female,dU6=EWB5
Korella,ktrenfieldgr@cyberchimps.com,Female,nF6``OhC.=7lI
Reilly,roshevlings@netlog.com,Male,oW8?4g4<taI
Vernen,vhemberygt@google.es,Male,"yN5,""},+0'Ah4"
Cody,cgollinggu@wisc.edu,Female,hV7.%@S~
Rosemonde,rfrissellgv@google.com.br,Female,"oW5,DRfOG'L"
Adrien,asimantsgw@amazon.de,Male,mR4~jiW~tL_b/mQ
Torey,tludrongx@sourcef.come.net,Female,"bY6,nk#H"
Connie,cdevallgy@instagram.com,Male,"eM3`IV4Km*>b$/"""
Tybalt,trivettgz@globo.com,Male,uX6_)3%qFB+_
Ernestine,ehindgeh0@ameblo.jp,Female,"jG1$""O.kLWiI"
Staford,sfarnfieldh1@ask.com,Bigender,hN9%VqlC\CQ
Julio,jmorecombh2@sphinn.com,Male,"uL4<\~""ga"
Zabrina,zmachinh3@uiuc.edu,Female,"wO1'zk,_D/{PX"
Gaelan,ggarbutth4@who.int,Male,pH2!+)q>fM}et9RX
Ashby,abullenth5@aol.com,Male,qX3|QZ+|t.
Charlene,cdelavaletteparisoth6@narod.ru,Female,zE2&s\z7{Eo
Hyman,hhousbeyh7@networkadvertising..com,Male,"hM0,cnLs""#q81o"
Merline,mhayh8@linkedin.com,Female,hG7&g)a7e
Lorianne,loutramh9@who.int,Female,"bP4{%m}<+M""fv"
Dun,dmabbsha@techcrunch.com,Male,nP3&)CsXv?.
Sandy,sanfreyhb@bloomberg.com,Male,uP2(nUhqL
Byram,bbeterisshc@cloudflare.com,Male,pN5&`u)e}L=MZ7\
Frankie,fsivyerhd@amazon.co.uk,Male,"qG0(.r~ef,`"
Kincaid,kcattemullhe@stumbleupon.com,Genderfluid,aY5{t~k>u%
Lanita,lyoseloffhf@phpbb.com,Female,zR4&saX(B!R
Lisha,lrallshg@goo.gl,Female,"lG4,HY.7`ITs\ni/"
Didi,dmclukiehh@symantec.com,Female,kW6_f{>M@JY7lP'R
Annabel,anardihi@toplist.cz,Genderqueer,xU5\2wZ$=8_3xP
Tamara,tlambalhj@stanford.edu,Genderfluid,lU5+aJ<9<c
Gustavo,gpilmorehk@ebay.co.uk,Polygender,bS9*2xso/<
Evaleen,eilyuninhl@umn.edu,Female,"jK5,>+!5%4kE>Z"
Dixie,ddupoyhm@1und1.de,Female,nQ9!0<c4()x%
Lynelle,lpasqualehn@twitpic.com,Female,"qG4@,(6V}C<x>="
Klemens,kbythewayho@weebly.com,Male,sV1`*!Pj
Ardelle,atitmarshhp@telegraph.co.uk,Genderqueer,hC7._nlyo
Darelle,dharryhq@amazon.de,Female,oO5~$nR{3%T
Letti,lswatonhr@msn.com,Female,nX6)2.dw
Kenna,kwilloughbyhs@hubpages.com,Female,"xX5!+4,899f"
Rodie,rgoodreidht@twitpic.com,Female,sR4/~egYlu(Q
Gustave,gpoterhu@symantec.com,Male,vN2<sR`r
Aldin,alillfordhv@technorati.com,Male,kZ6+a\Q{.lHJ
Tally,tpurveshw@parallels.com,Male,pE0>EEZ8nUXd!zp
Darin,dbevisshx@canalblog.com,Male,dC2~6tbu
Sharyl,sblasgenhy@apple.com,Female,eB9\{H$ZJr#&(
Quincey,qwestfrimleyhz@edublogs..com,Male,bQ3&bX/Ecm2U
Morly,mstoteri0@kickstarter.com,Male,"oJ0{xCcu,_{T.q{Z"
Corbie,cgeilli1@go.com,Male,iI8=C!%chB{U|v8
Adolph,alazarei2@scribd.com,Male,hB8.SALm
Byrle,bisacqi3@rakuten.co.jp,Agender,pO7`Vb~U=P=eX
Xena,xroscoei4@livejournal.com,Female,zL6>vb$sTCP{v
Tomas,twelbrocki5@mail.ru,Genderqueer,"rY2""Vcs9"
Kevon,kandreii6@discovery.com,Male,oJ1>%&FX3bK
Yanaton,ytolomeii7@google.com.hk,Male,pQ7~2*H/bdry%.\
Jard,jdoubravai8@bizjournals.com,Male,tR6_O2YS
Abbott,amagnayi9@blinklist.com,Male,bX0+vfId
Justus,jrubkeia@ox.ac.uk,Male,oQ1~Wqt3VP!zDj
Bernardo,bcolleltonib@pbs..com,Male,zO5?u*P38\'%
Cheri,csauvageic@opensource..com,Female,cD6+=Ndr=rqvI
Bobbie,bshenfischid@census.gov,Agender,hW2}SER4_*jd
Benedikta,bgouldstrawie@independent.co.uk,Female,nI1+3w*b++
Danya,djancarif@amazon.de,Male,gX4~.m`boAGNl
Vanya,vmcguirkig@senate.gov,Male,eL8?V\FyNW|++F11
Edlin,ebarklyih@opera.com,Male,tW2+w8Cjc
Taite,tpostanii@netscape.com,Male,uT9$iswAN
Conrado,ckytterij@unc.edu,Non-binary,"xD7/s0)k"">"
Feodor,fleechmanik@yandex.ru,Male,hH1(jY~&(kD7
Bonnie,bdebellisil@flavors.me,Female,iD5=jVBAc/yX0R{x
Sanders,saddekinim@oaic.gov.au,Male,zB6_nZs8<Yp/7_/
Nicolas,nkermitin@shinystat.com,Male,gZ0%RC=vgPY%(
Dennie,doneillio@geocities.jp,Male,vU5<Y`op2r?
Abbie,amacgaughyip@statcounter.com,Male,dU0%zI3@.b`o9)T
Randie,rcheethamiq@elegantthemes.com,Female,"kN1}xe+b""'*yXe"
Cece,csleanyir@wordpress..com,Male,hS9%04gUa$
Hakim,hhewellis@biblegateway.com,Male,"bZ5~}sp02/y>""GOk"
Arluene,abedissit@independent.co.uk,Female,yP0{>T&JeJxR
Hertha,hrawlisoniu@wix.com,Female,jG2('.y@
Vinson,vmacneillieiv@is.gd,Male,sL9+RFg88}>&j%7
Marylynne,mguinaneiw@desdev.cn,Female,"mY4@U~+K""L#H)rl"
Myles,mvanoordix@reddit.com,Male,kS0}{qwR{V{
Randie,rparkesoniy@webnode.com,Male,xQ3|L=<8
Marquita,mkeillohiz@washington.edu,Female,"oV1(QPb,Nc"
Moshe,mblackallerj0@newsvine.com,Male,"yM0""Q!,m\i("""
Erinna,ebuntingj1@feedburner.com,Female,"pC8_<14*~p@xzL"""
Garfield,globbej2@upenn.edu,Male,"tJ2""{Yy#"
Alexandre,acathenodj3@linkedin.com,Male,"iO1#SQXFi76,&rV"
Pearla,phitzschkej4@washingtonpost.com,Female,xS3=#TsR>m
Essie,ezuanj5@scribd.com,Female,mS4\.uKMtC{
Valencia,vfisbyj6@digg.com,Genderqueer,hB7\=gCY#.#_n
Andree,ameakerj7@nyu.edu,Genderfluid,dE3$!sR8jX
Toma,tsyslandj8@jugem.jp,Female,aK0{9soF=9cV
Delano,dwarnerj9@sbwire.com,Genderfluid,gE2=w<HZ(
Godart,gheintzja@xinhuanet.com,Male,"vE1""}R6d&<U"
Kelley,kneavesjb@goo.gl,Female,oN9`o*\1XRgwm
Margalo,mmackeanjc@salon.com,Female,fF3~esR~
Kippy,kvasilischevjd@t.co,Male,kF4{B<3a|tAV
Sutherland,scalafateje@wisc.edu,Male,rK8.pUvpn#T({p
Ibbie,imouldenjf@cloudflare.com,Female,lC5~f0NG
Tammie,tsebertjg@abc.net.au,Male,jQ5'Xh&Pnz@tR
Ge.come,gskittlesjh@example.com,Male,"sO3""30OTxemt?<X1"
Papagena,prozeaji@indiatimes.com,Female,"wY3,w%MG{6"
Nestor,nriccardinijj@unesco..com,Male,oS4'BtEggs
Amaleta,apashenjk@wiley.com,Female,"bH6#F""#8(jk"
Stavros,stinkjl@sbwire.com,Male,uT0{v/NY
Lainey,laismanjm@tamu.edu,Female,"yN0(,#e9Ip@?w0t"
Lenka,lweddeburnjn@ibm.com,Female,kV4'Und3%9
Finley,fpavelkajo@harvard.edu,Male,sU4<GC9\?YA/*mU
Ruthi,rwinterjp@vk.com,Female,kU0@qbLgfg5Sif4
Lucian,lghe.comhiejq@nydailynews.com,Male,cP3)pz/HL_q4)Xi
Manon,mevenettjr@aol.com,Female,qW0<{oOlHL\
Marcello,mdankovjs@nationalgeographic.com,Male,aX2\H2>+.wc~a
Stefan,srosenbushjt@europa.eu,Male,"gL6}At4''Fr3Vx,"
Townsend,ttillettju@businesswire.com,Male,"wQ2%dcG`""t"
Warren,wwhitelyjv@ox.ac.uk,Male,wP9#>cpA!nvp%J<R
Corby,cdenricojw@taobao.com,Agender,"bW6=_$e,{7.?<""t@"
Mervin,mstreetleyjx@yahoo.com,Male,xP3\yFn`n7!W7
Care,cstanesbyjy@symantec.com,Male,bQ0%?SGD'E_bt
Belva,bitzcovichjz@google.cn,Female,zA3>qYky1tK
Larry,lfelminghamk0@ifeng.com,Bigender,"uP0#9KK}x""C"
Franchot,feadingtonk1@elpais.com,Male,uH8}w%yJPiM
Benjie,bianittik2@nba.com,Male,dW8*uod7Lm#m(
Brendin,bburnellk3@booking.com,Bigender,dK1{yMDD4cw
Dolley,dhargatek4@wikispaces.com,Female,"dO2""29Ri"
Jamaal,jkinnockk5@zimbio.com,Male,"dD3<SeqPT0h1""a3f"
Hernando,hdeevesk6@soup.io,Male,"gN0=+tVl""A*o"
Jacqui,jmacnellyk7@ustream.tv,Non-binary,"iG0+SA5,"
Merell,mlesterk8@omniture.com,Male,uB9#.@U~Fl}0Gy%
Monte,mscafek9@so-net..com,Male,fJ3~+7<#.
Adriano,areadka@i2i.jp,Genderqueer,"pB7<*T,3z3(be"
Rena,rpasslerkb@taobao.com,Female,vJ0}$6bAKm
Zulema,zandryushinkc@icq.com,Female,dT5&V<98@?>I|
Earl,edegouykd@blogs.com,Genderqueer,"pW4"",&Ix*iZ"
Cecile,csibyllinake@goo..com,Female,uH7+O>bgxO=
Valentia,vfilochovkf@alexa.com,Female,kW1#46!t
Baldwin,bnorewoodkg@desdev.cn,Male,fB2\%Uz3kuBPf
Archer,acoulstonkh@4shared.com,Male,"bS3!+,t\hR\IRZI"
Shaylyn,sseabertki@slashdot..com,Female,dK5\.x@a
Emanuele,eguerinkj@imgur.com,Male,sS6`0<Rh3oK!
Lynelle,lberrykk@answers.com,Female,"hZ9""sIv5#*\ZNR"
Toddie,tspratleykl@comsenz.com,Male,pL9(iWPG7S3V
Aileen,akondratowiczkm@mozilla.com,Female,oS1@W1&ze
Nester,ngillittkn@theglobeandmail.com,Male,aE1>z|Phl3P}@T
Carie,cvaudinko@webeden.co.uk,Genderqueer,dE7?_7$!<C
Kenon,kcoleskp@youtu.be,Male,"uA3&jX@5C""|#8"
Catarina,cdolligonkq@eventbrite.com,Female,"eU9>9,$""lJW9!&"
Hannie,hmcasparankr@webeden.co.uk,Female,hK8>l)\I
Gav,gcoppledikeks@dedecms.com,Male,yE7*<&jjb|rELKtY
Ryann,rcolmerkt@mysql.com,Female,uF6=fab#qL8
Ben,bmcadamku@github.com,Male,bR2(!sl0Y
Lottie,lbywaykv@chron.com,Female,mA1*0B/O
Galen,glaskeykw@fastcompany.com,Male,vR5.`pnD$)n
Janaye,jsternkx@sun.com,Female,oX7<T|.q_Kv
Monika,mratnegeky@symantec.com,Female,lS4/D932!>
Bernete,bmiguelkz@reference.com,Female,"iL3$""5}\w"
Jaimie,jhulkesl0@dagondesign.com,Male,cG8.>k8q
Nelle,nwickwarthl1@ezinearticles.com,Agender,oU3>8!=i}rVy7W
Kippie,kpoultonl2@wordpress.com,Male,gK4>SD#4(b
Brett,beadl3@purevolume.com,Bigender,bK2$JyO\f>brC
Desmond,dcrowleyl4@barnesandnoble.com,Male,tK0\G?M!QTIw`.?
Ronald,rtreblel5@ehow.com,Male,aT1+7kHq(a&i<?
Rutger,rgasparrol6@prnewswire.com,Male,oD4|f9>Hy
Bank,bsnarrl7@sohu.com,Male,zU6'erq=U'Ufh)\
Sibbie,sosbornl8@google.it,Female,rS9@qm<)laf@?
Rock,rveell9@sphinn.com,Male,dN7_EM1EJ
Dell,dwhiskerla@scientificamerican.com,Bigender,lN1&5P7D~|7
Lucienne,lpollocklb@businessweek.com,Female,bL8.&ZmSAq
Avrit,aomullallylc@wikia.com,Female,"oQ8""j*A$u=6AXp"
Jolyn,jjaeggild@acquirethisname.com,Female,oJ1@xI$f?2Srls|&
Chloe,clorainle@imdb.com,Female,"kP8""n_l(rV'Xv"
Romy,rmarhamlf@geocities.jp,Female,kV3<$Hm~W!!Tj
Sandie,smacgeaneylg@jugem.jp,Female,gA9/Pq/+l1t!>a|
Bud,bpargeterlh@google.es,Male,lS6`O/q+HtFkj
Holly,hveltenli@wiley.com,Female,"vF9""vKp}"
Nealson,ntibbottslj@netlog.com,Male,xA4<r<+~h
Jean,jjeacockelk@cam.ac.uk,Male,"gV9)1,V~k`"
Cherish,cmckennanll@xrea.com,Female,qS4\%=Ukl>\RZ
Victoria,vmcjurylm@discuz.net,Female,"zF3,>~+6"
Tabitha,tyakobowitzln@163.com,Female,eJ8/6XmC
Cara,choffmannlo@sfgate.com,Female,"pL2&keaR),'J/%"
Kim,kladleylp@dropbox.com,Female,zO0=K/?~X
Rania,rokroylq@boston.com,Female,dO8@vef{o}e72
Nanine,niacobolr@odnoklassniki.ru,Female,vQ4<Yd&t{o8
Roscoe,rbainbridgels@amazon.com,Male,hF6+NgWnVo/)
Lettie,lcuthbertlt@theguardian.com,Non-binary,"aN0$V!bXA""W),2"
Rona,rcattlu@dion..com,Female,fF9!nU=PO
Darren,droskruglv@mediafire.com,Male,rD2%9v%XKz?N
Blythe,bluscottlw@biblegateway.com,Female,"qG6%=lUD,|N'0"
Ileana,iwillimontlx@europa.eu,Female,bE5.\7CRx6
Dallas,dpoulsonly@wsj.com,Female,fR6=JF\8I0\D
Keelia,kchoakelz@jiathis.com,Female,kB4{(.LM<
Minna,mbowsherm0@intel.com,Female,iZ3*&nF{L
Madge,mkaretm1@hostgator.com,Female,"oR4.|W'12,<"
Laughton,lofferm2@vk.com,Male,hL5`}FW|>>
Erich,eworlidgem3@tinyurl.com,Male,eT7_M*YmhE~$&UU
Petra,ppauncefootm4@jimdo.com,Female,eL1{p`+R\<2
August,amartinetsm5@yandex.ru,Male,kR5\b`M~3!eZbV
Cecily,cgamlenm6@archive..com,Female,mG6?3*W{
August,achestlem7@salon.com,Male,qB2(z*Rg0B@c
Gabbie,gpollockm8@bigcartel.com,Male,fC4)=BQX}J*(3
Sandie,stoulamainm9@ocn..com,Female,"lA8_""2TnR#)C"
Bernhard,bzorzuttima@myspace.com,Genderqueer,eV7_H)EQn
Minetta,mquickmb@amazonaws.com,Genderfluid,rH3|'T?35=xO
Kelley,khastingsmc@craigslist..com,Female,iQ5&dh3P3C
Tamarah,tcaulketmd@squarespace.com,Female,"vY4!9,>@k"
Corene,csawellme@icq.com,Female,cK3$`=M9@MJ
Chad,cbanvillemf@infoseek.co.jp,Male,"wY5?,AK8K1Tm|a"
Chic,clambarthmg@earthlink.net,Male,sR5`B>/X
Irwinn,ishrimplingmh@geocities.com,Male,uU1)!wok9?dedRg4
Harry,hbissonmi@theglobeandmail.com,Male,iY1/}F=)*N
Orelia,otoogoodmj@wikia.com,Female,mC1&B.M.vU
Terrill,tlastymk@reuters.com,Male,yS6\c~\mz+UVjPp
Jordanna,jsextonml@thetimes.co.uk,Female,kU1<(&93q@
Nanette,njelfsmm@abc.net.au,Female,"lJ5}}wE""wwmqcWs#"
Janet,jgunmn@stumbleupon.com,Female,mA6#)=M|GG~eX
Lexis,lbarbrickmo@photobucket.com,Female,"wA9#v""wAAw5C"
Hayden,hhonnicottmp@mashable.com,Male,"tU8+}1)$.BE,0"
Marylin,mpetrismq@japanpost.jp,Female,"dJ9=Z9)S@?uH4""#,"
Fayette,frapemr@youku.com,Female,yY0@!F9GTSj(l5
Rozalie,rbuffeyms@princeton.edu,Female,jY4<L7Es={Ja8
Farrell,floomesmt@blinklist.com,Male,xE6&iA*D1L%S
Maryrose,mcarsmu@histats.com,Female,pF9?oxo't1WTH1
Aileen,anialsmv@typepad.com,Female,bC1\owG5q
Clemente,cfantmw@miibeian.gov.cn,Male,eH5_$I&mlH1v
Lannie,lhorningmx@exblog.jp,Male,"sG0,>#pd5#kJi.4Q"
Ciel,cgrogermy@constantcontact.com,Female,"aZ8(lCd""CB#RD#z*"
Jethro,jcosgrovemz@europa.eu,Male,qH2<N.P%`
Britney,bmaudlinn0@telegraph.co.uk,Female,xC4=Zu0cB@_H
Terrence,tpickworthn1@yahoo.co.jp,Male,pR4!lSXp=O}7@_vd
Ronda,rgeardn2@google.de,Female,gQ6>2Rao%Iq
Silvano,somahoneyn3@php.net,Non-binary,"oK8}s~JRin*,~"
Jesse,jtadmann4@illinois.edu,Female,aU2)Tr}XbZ\lB
Anatollo,atunuyn5@bravesites.com,Bigender,iU2&2wA\+>$V
Johny,jmctrustamn6@ucoz.com,Male,sG8_+sTS\$O'Ac5*
Constantino,clivesleyn7@mapy.cz,Male,"pX4,r$O8(DB"
Peta,pjeanonn8@psu.edu,Bigender,dR1(fuRXC#8)p
Anastassia,alanawayn9@a8.net,Female,sC3?Ydl(<
Ania,aracciona@example.com,Female,xX4<<X%Qd6
Kasper,kburrillnb@ifeng.com,Male,"oI2""7`%1WgMF2}M~"
Munmro,mburwinnc@unblog.fr,Genderqueer,"lF9+wF,(@=bK%"
Jamie,jgablernd@nsw.gov.au,Genderfluid,bB4_gI||JkwHLwGA
Gerik,gperfectne@cornell.edu,Polygender,"tO6(""IQ,,RLs"
Delilah,ddabesnf@domainmarket.com,Female,lR8>yc~XW@
Rhetta,rlandang@xing.com,Female,"rR5""*QP*|rx/qd"
Alvy,azorzoninh@studiopress.com,Male,nW8)RlTBA
Dino,dkincaidni@squarespace.com,Bigender,"pP7~""WY}!"
Tessa,tguinessnj@opera.com,Female,vQ7)>X86>A'>5{r(
Alejandrina,amanselnk@devhub.com,Female,vV2@/SRxbFTE
Francklyn,fpumphreysnl@hostgator.com,Male,"zS9%P95H""`4}en"
Agnes,asircombnm@shinystat.com,Agender,bU2*5t_=R
Gisella,ghusbandsnn@networksolutions.com,Bigender,"rJ4,?(RT+6"
Perice,phansodno@usatoday.com,Male,aB0=UL0EFI
Alisa,afeedomenp@google.es,Female,aZ4+SsT4.
Tammie,tnussgennq@yellowpages.com,Male,eW8?H1DTxAFf.+
Darsie,dmurienr@adobe.com,Female,iK5{|t8jL)w+Sui
Rustin,rdugdalens@mysql.com,Male,iL0<$z!YXO
Adelbert,apechetnt@webmd.com,Male,hU9~&jWo*1
Mike,mhagerghamnu@google.es,Male,tP2(3}0/SapRQ*r
Andi,asturgessnv@auda..com.au,Female,iI2{C}S_
Caitrin,cstewartnw@usa.gov,Female,dE4|8T=y
Erika,emcgilvraynx@netvibes.com,Female,pE6<Bq!y~
Abigail,arosengrenny@wp.com,Female,dG8!n2Cocn~.
Phillip,pdollingnz@noaa.gov,Male,uG5&mV(tJ\l
M.comana,mspirritto0@google.com,Female,rO8(clq}I*!
Martino,mknutseno1@unc.edu,Male,qP0<D)j+*W~~/
Lynsey,lroddao2@cnbc.com,Female,jN4?6/YKG\btTD~
Boothe,bmayfieldo3@51.la,Male,"jR2,tZ<fFa"
Netti,nhallo4@blogspot.com,Female,rU4<*ekT
Reube,rdafyddo5@hao123.com,Male,xU4)DZ_JL19FRZ
Homer,hsambatho6@craigslist..com,Male,cD1=n~c!qd
Alane,awillimoto7@sourcef.come.net,Female,lX4_MgxBsa4
Rozalie,rharlicko8@columbia.edu,Female,zE0\g%gGbN?xCu
Jessa,jolageno9@epa.gov,Female,xU4&mBkH9Zd
Chrisy,ccivitillooa@squidoo.com,Male,"pU2""D~oe"
Randi,rkirrensob@dell.com,Male,qP7~Pe6)=\>yJ
Zollie,zmcgintyoc@google.nl,Male,yD7&P`&DHw$Dwze&
Jess,jfoucherod@posterous.com,Polygender,tG6}m`S*R5jak
Eberhard,ehebborneoe@archive..com,Male,"iW9=ZPj,21Q3rXT"
Benyamin,bdamperof@gravatar.com,Male,uG1=pb|J#4i
Darya,dalliotog@engadget.com,Female,nD6{*.o(
Friederike,fdyzartoh@friendfeed.com,Female,iQ9<AW&bQmO
Y.comos,yfarensoi@pinterest.com,Male,hQ1%+sXg5>uoTZM3
Honoria,horpwoodoj@house.gov,Female,gV5&O=J1A
Randie,rpavlataok@seattletimes.com,Male,fI2=(.LXP.XkmA
Cecilius,ctunyol@dell.com,Male,hD4/m$xZ<a
Kit,kspillmanom@sbwire.com,Male,mM4'G+O==C
Tobye,tsumpteron@yandex.ru,Female,dY9\5i`W
Teddie,tdamiraloo@360.cn,Genderfluid,"mV3,#=hx"
Wilhelm,wsiggeop@163.com,Male,hI2{OCP\cuXmF>nm
Hillyer,hdavidovitsoq@stanford.edu,Male,aX7)20JDU2k>arG
Addy,areightleyor@multiply.com,Male,aG3})mLf#
Heddi,hcastanaresos@cmu.edu,Female,pN2@5~lNkXu?h
Emelda,eheindleot@weebly.com,Polygender,sK1?c\|=3Z&
Goddart,gdoggettou@prlog..com,Male,hB4?'46o
Dedra,dkienleinov@mit.edu,Female,gQ4$Kp>@xN|
Malvina,mfrakeow@woothemes.com,Female,jQ5!po=.WBD}
Berk,bgagerox@jugem.jp,Male,fX1|#>d'E9A6
Camala,cstoffersoy@mysql.com,Bigender,"dK3/vd,Ok(S?X#B"
Brinn,bgashoz@photobucket.com,Female,"eJ5'""`9+ev"
Myrle,mgerredp0@deviantart.com,Female,"xI7>\30T@5n'""=1"
Frederica,ffetherstonep1@rambler.ru,Female,oM6*)N+`v$6
Margaret,mcrusep2@google.pl,Female,pY6@y4.qm=SecU
Petey,phasemanp3@nhs.uk,Male,qR7)5f@S_&rgr?
Todd,tstuckep4@seesaa.net,Male,"wX7""<4/x\XLVV1@S"
Kip,kduckp5@google.fr,Male,gX0.<\B12w$k?
Ginnie,gjeannetp6@prlog..com,Female,sR0=Vgu60
Sherlock,sbewfieldp7@wiley.com,Male,fY9$skXgk0Y8QU)
Helyn,hmcclancyp8@squidoo.com,Female,"lS8""5b\G)|j/_en"
Sheffy,sdrinanp9@shop-pro.jp,Male,fY8(M08J#HQO
Nerita,nshoebottompa@ebay.co.uk,Female,mB3>3/j+pf
Victoria,vgawkespb@wix.com,Bigender,bU8$_{yzo'@b*Six
Kahaleel,kkabischpc@merriam-webster.com,Non-binary,mO3>0s&4I.xK
Lucian,ltodpd@godaddy.com,Male,fB8*em@t!nZ
Rolland,rcrookspe@aol.com,Male,aM7{~4lugi
Kyle,kellesworthepf@reddit.com,Bigender,hV4}(LClP'QQ#&g
Prissie,pmichelpg@tinypic.com,Female,"cM7""$OH%Ud6"
Alanah,aadolfph@spotify.com,Female,yS3=APMT
Hebert,hwannepi@discuz.net,Male,oK4~4joSdNw{&
Zelma,zcurrumpj@yelp.com,Female,yO3*/qL2PL
Gerianna,glookspk@imageshack.us,Female,"wC0,ox8W8jR'e_=O"
Farris,fwadlowpl@altervista..com,Male,zE7!xQHqYGF
Eilis,ebenedttipm@kickstarter.com,Genderqueer,sG6|q</0
Leroi,lgrazierpn@tiny.cc,Male,aH6+UmcehTo
Butch,bmacgovernpo@java.com,Male,eO6|m8H9TW
Neel,nbrotherhoodpp@deliciousdays.com,Male,cN5&h4_b`M+
Joey,jlyndpq@yelp.com,Female,iL3.1{jA!km<
Kellen,kgrewespr@springer.com,Male,rW9|$0t_&MVS
Leslie,lrosenshineps@stanford.edu,Non-binary,"bT6,Ns=9Yo6"
Amalea,alowdwellpt@chronoengine.com,Female,"vX4.uL_Ns~(+""'oS"
Gilemette,gtzarkovpu@netvibes.com,Female,lL0>K0}WMC6>renf
Briant,bburnistonpv@bravesites.com,Male,"hQ8""dV87+D>Z(6"
Broddie,bbabbagepw@livejournal.com,Male,mF4{*>CjED~t3
Cozmo,cpetricpx@webmd.com,Male,aM3<`)\@C(0
Theresa,tfellinipy@un..com,Female,iC1\>>slS66?j'o9
Alika,aallchinpz@foxnews.com,Female,"wF2,CDg7A{Ogp1"
Orson,osessionsq0@exblog.jp,Male,jM1/8~c@67%mF#ng
Towny,tshereq1@tuttocitta.it,Male,xZ1~B6J&+)
Layton,ljulianoq2@goodreads.com,Male,bP4@}%Mf@M|
Burton,blaytonq3@angelfire.com,Male,jK9%c`A?$XZp6
Storm,sbinfieldq4@ocn..com,Female,eI7/IJ{Cen
Riki,ravrasinq5@xing.com,Female,"aX1>A@V2bo_!""b"
Letty,lpidwellq6@jugem.jp,Female,iN9|B)b/jPQh_
Sharla,sdinnisq7@mashable.com,Female,kF6%s8Pht&
Patten,pconnechieq8@tiny.cc,Male,"gZ1!U)3<pwm,7?Q"
Lida,lbratchq9@europa.eu,Female,oQ3?~Ugj?KR6$)qj
Sly,srentonqa@google.nl,Male,"bM0|Mxd,|{Bjv?<"
Abby,afechnieqb@netscape.com,Male,aW9@y9)TDlk4.
Ramonda,rcollinetteqc@desdev.cn,Female,sN1(W*r?E_(TdZ$
Kipper,kfreundqd@booking.com,Genderqueer,bH5}neooCDkiB
Zelig,zbruyetqe@nhs.uk,Male,hS0@AZ~e6
Edgardo,ebrittenqf@samsung.com,Male,gO8(x.cryQZsl
Rosalynd,rmurrowqg@wikispaces.com,Genderfluid,sB0?1gIy`_IvV<+
Kippie,kgladbachqh@imgur.com,Female,"qG1,ufu?jPg""B"
Aimil,aboatmanqi@mail.ru,Female,eK8@sfvk@1}m)EA
Birgit,bscourgeqj@google.ru,Female,wC7!R|qj'ql
Betti,braitqk@ezinearticles.com,Female,"lF2""$t>a_\"
Clarette,cdeavallql@free.fr,Female,"dX5>q,hFccP6=#1"
Cammi,cberesforeqm@joomla..com,Agender,"cX2""8}7c?N{8"
Noemi,nrosseyqn@ebay.com,Female,kD9}J#UMJ
Odo,ojoscelyneqo@arizona.edu,Male,"aT9}u,6L"
Wynne,wgleedqp@php.net,Non-binary,"cJ3,ywG)4BhM."
Jinny,jfirbyqq@nps.gov,Female,pX9#{AN?nxUfwM
Anabella,areedieqr@indiegogo.com,Female,cF4}p|5O
Indira,imarquesqs@uol.com.br,Bigender,rN7(VRl2TvYoo
Marylin,mkastingqt@acquirethisname.com,Female,yV5<m*ubPa
Madalyn,mmenisqu@oaic.gov.au,Female,yG4&~T#Hr
Jarib,jgerbelqv@icq.com,Male,uR2~5z*mpE#{~%
Lib,lruckhardqw@goo.gl,Female,iI5.DQ>!)i4c
Currie,ctescheqx@delicious.com,Male,dQ2#&/)DL~pOabi
Charmine,cmilliganqy@rediff.com,Female,dK0@c%!46O
Hedvige,hspurnierqz@wp.com,Female,lT4\m9*%
Ann-marie,aapplewhiter0@goo..com,Female,yO2<UHZYbI&x./
Ettore,earnaur1@google.com.au,Male,kO9`Z3zLdze5
Wayland,wlarmouthr2@illinois.edu,Male,"xX3#()wK""rX#"
Stepha,smallabonr3@blogs.com,Female,pT6!P\##3p+O`>
Luis,ljahnr4@cdc.gov,Male,pP3+bXzS
Harris,hmatchamr5@twitter.com,Male,sK7+Ks'MtJ(g0C5D
Blane,bethertonr6@unicef..com,Male,yY8*n|@e
Gareth,ggerardir7@howstuffworks.com,Male,"pR8&V)""0ss"
Connie,cmartenr8@etsy.com,Female,tO4@8_E!!wUPD
Tony,tyosifovr9@youtube.com,Female,iP5(r7`*+W
Sharona,sciepluchra@msu.edu,Non-binary,nB9/+58)
Florencia,fputtrellrb@histats.com,Female,nZ1\|c`e_Y.PZ
Natalie,nbrandtrc@newsvine.com,Female,qL2~@#OM{XSoq
Shell,ssauntrd@ca.gov,Female,"yW2~LlWr+`2#,I1"
Barbee,btegellerre@cdc.gov,Non-binary,rC2_R_(m}YNc
Corenda,cb.comarsrf@reddit.com,Female,"uY7""6),&XlV##9"
Pearl,pmeatcherrg@msn.com,Female,hS1&r{38m.X
Sandi,sfassetrh@wiley.com,Female,aY5(*)REQZN&Gc
Cherice,cwasielewskiri@blinklist.com,Female,yK4#5%~f7RYzttT
Krisha,kcromwellrj@tamu.edu,Male,cS4=?2?phRJIXX
Alic,achamneyrk@delicious.com,Male,hA8_`L656dv
Thomasina,thallowayrl@walmart.com,Female,bQ1|Y)e{B.t'73
Aretha,aasbreyrm@walmart.com,Female,bP5'TZu+E<L$Atxi
Wake,wellettrn@ehow.com,Male,aY0#?l!E8`Dpp
Quintana,qoheynero@sina.com.cn,Female,zT3!v<p3*
Melisse,msustonrp@netscape.com,Polygender,xJ9=y%M!*
Vasilis,vstrainrq@statcounter.com,Male,rK2'ayVV>6
Camey,cmcgettiganrr@webmd.com,Male,eN9<o$>h.a
